,Player,KEN
492,Joe Fulks,1.7824053452115813
1179,John Mahnken,1.7662721893491125
345,George Mikan,1.2162874251497007
495,Max Zaslofsky,1.1819526627218935
680,Freddie Scolari,0.9149551194279629
707,Connie Simmons,0.8327174530983513
3,Michael Jordan,0.7874177029992685
39,George Gervin,0.780373831775701
632,Bob Davies,0.7652315190901706
35,Kevin Durant,0.7311470824738664
